{
    "sessionId": "1cd3f845d8f0e8a3991050c5c7c49e2d",
    "status": 0,
    "value": [
        {
            "bottom": 511,
            "left": 1174.109375,
            "right": 1459.03125,
            "top": 481
        }
    ]
}