{
    "sessionId": "fd54f1251e61171c1e4a445d97da8a3d",
    "status": 0,
    "value": [
        {
            "bottom": 511,
            "left": 1174.109375,
            "right": 1459.03125,
            "top": 481
        }
    ]
}