{
    "sessionId": "97cb5053cfdd9b54b97ad0a51bc75e2f",
    "status": 0,
    "value": [
        {
            "bottom": 648,
            "left": 1024.15625,
            "right": 1560.984375,
            "top": 529
        }
    ]
}