{
    "sessionId": "8b855c90528729e7f3798fef55dec8cf",
    "status": 0,
    "value": [
        {
            "bottom": 634,
            "left": 1024.15625,
            "right": 1560.984375,
            "top": 529
        }
    ]
}