{
    "sessionId": "9a1a9ec854d340f269ceee57a18e8f06",
    "status": 0,
    "value": [
        {
            "bottom": 739,
            "left": 1024.15625,
            "right": 1560.984375,
            "top": 634
        }
    ]
}