{
    "sessionId": "b80a967b1e409223c867899a514178d1",
    "status": 0,
    "value": [
        {
            "bottom": 1732,
            "left": 1016.15625,
            "right": 1568.984375,
            "top": 1007
        }
    ]
}