{
    "sessionId": "1cd3f845d8f0e8a3991050c5c7c49e2d",
    "status": 0,
    "value": [
        {
            "bottom": 972,
            "left": 1048.15625,
            "right": 1264.484375,
            "top": 922
        }
    ]
}