{
    "sessionId": "fd54f1251e61171c1e4a445d97da8a3d",
    "status": 0,
    "value": [
        {
            "bottom": 890,
            "left": 1048.15625,
            "right": 1536.984375,
            "top": 842
        }
    ]
}