{
    "sessionId": "8b855c90528729e7f3798fef55dec8cf",
    "status": 0,
    "value": [
        {
            "bottom": 416,
            "left": 1040.15625,
            "right": 1544.984375,
            "top": 246
        }
    ]
}