{
    "sessionId": "9a1a9ec854d340f269ceee57a18e8f06",
    "status": 0,
    "value": [
        {
            "bottom": 1732,
            "left": 1016.15625,
            "right": 1568.984375,
            "top": 1007
        }
    ]
}