{
    "sessionId": "752d9f2efbedfe08e6acdf3afd7bf3bc",
    "status": 0,
    "value": [
        {
            "bottom": 1748,
            "left": 1016.15625,
            "right": 1568.984375,
            "top": 1023
        }
    ]
}