{
    "sessionId": "97cb5053cfdd9b54b97ad0a51bc75e2f",
    "status": 0,
    "value": [
        {
            "bottom": 1746,
            "left": 1016.15625,
            "right": 1568.984375,
            "top": 1021
        }
    ]
}