{
    "sessionId": "309b32a8939424e582817aaadf463afa",
    "status": 0,
    "value": [
        {
            "bottom": 511,
            "left": 1174.109375,
            "right": 1459.03125,
            "top": 481
        }
    ]
}