{
    "sessionId": "97cb5053cfdd9b54b97ad0a51bc75e2f",
    "status": 0,
    "value": [
        {
            "bottom": 904,
            "left": 1048.15625,
            "right": 1536.984375,
            "top": 856
        }
    ]
}