{
    "sessionId": "309b32a8939424e582817aaadf463afa",
    "status": 0,
    "value": [
        {
            "bottom": 972,
            "left": 1048.15625,
            "right": 1264.484375,
            "top": 922
        }
    ]
}