{
    "sessionId": "fd54f1251e61171c1e4a445d97da8a3d",
    "status": 0,
    "value": [
        {
            "bottom": 1732,
            "left": 1016.15625,
            "right": 1568.984375,
            "top": 1007
        }
    ]
}