{
    "sessionId": "23fd0888b4191af662f3d701f38aea99",
    "status": 0,
    "value": [
        {
            "bottom": 634,
            "left": 1024.15625,
            "right": 1560.984375,
            "top": 529
        }
    ]
}