{
    "sessionId": "fd54f1251e61171c1e4a445d97da8a3d",
    "status": 0,
    "value": [
        {
            "bottom": 958,
            "left": 1048.15625,
            "right": 1264.484375,
            "top": 908
        }
    ]
}