{
    "sessionId": "97cb5053cfdd9b54b97ad0a51bc75e2f",
    "status": 0,
    "value": [
        {
            "bottom": 972,
            "left": 1048.15625,
            "right": 1264.484375,
            "top": 922
        }
    ]
}