{
    "sessionId": "8b855c90528729e7f3798fef55dec8cf",
    "status": 0,
    "value": [
        {
            "bottom": 511,
            "left": 1174.109375,
            "right": 1459.03125,
            "top": 481
        }
    ]
}