{
    "sessionId": "493b16182100d1ac42211b936e40329e",
    "status": 0,
    "value": [
        {
            "bottom": 958,
            "left": 1048.15625,
            "right": 1264.484375,
            "top": 908
        }
    ]
}