{
    "sessionId": "309b32a8939424e582817aaadf463afa",
    "status": 0,
    "value": [
        {
            "bottom": 753,
            "left": 1024.15625,
            "right": 1560.984375,
            "top": 648
        }
    ]
}