{
    "sessionId": "752d9f2efbedfe08e6acdf3afd7bf3bc",
    "status": 0,
    "value": [
        {
            "bottom": 511,
            "left": 1174.109375,
            "right": 1459.03125,
            "top": 481
        }
    ]
}