{
    "sessionId": "1cd3f845d8f0e8a3991050c5c7c49e2d",
    "status": 0,
    "value": [
        {
            "bottom": 416,
            "left": 1040.15625,
            "right": 1544.984375,
            "top": 246
        }
    ]
}