{
    "sessionId": "97cb5053cfdd9b54b97ad0a51bc75e2f",
    "status": 0,
    "value": [
        {
            "bottom": 416,
            "left": 1040.15625,
            "right": 1544.984375,
            "top": 246
        }
    ]
}