{
    "sessionId": "1cd3f845d8f0e8a3991050c5c7c49e2d",
    "status": 0,
    "value": [
        {
            "bottom": 1746,
            "left": 1016.15625,
            "right": 1568.984375,
            "top": 1021
        }
    ]
}