{
    "sessionId": "309b32a8939424e582817aaadf463afa",
    "status": 0,
    "value": [
        {
            "bottom": 904,
            "left": 1048.15625,
            "right": 1536.984375,
            "top": 856
        }
    ]
}