{
    "sessionId": "b80a967b1e409223c867899a514178d1",
    "status": 0,
    "value": [
        {
            "bottom": 739,
            "left": 1024.15625,
            "right": 1560.984375,
            "top": 634
        }
    ]
}