{
    "sessionId": "1cd3f845d8f0e8a3991050c5c7c49e2d",
    "status": 0,
    "value": [
        {
            "bottom": 648,
            "left": 1024.15625,
            "right": 1560.984375,
            "top": 529
        }
    ]
}