{
    "sessionId": "b80a967b1e409223c867899a514178d1",
    "status": 0,
    "value": [
        {
            "bottom": 958,
            "left": 1048.15625,
            "right": 1264.484375,
            "top": 908
        }
    ]
}