{
    "sessionId": "752d9f2efbedfe08e6acdf3afd7bf3bc",
    "status": 0,
    "value": [
        {
            "bottom": 634,
            "left": 1024.15625,
            "right": 1560.984375,
            "top": 529
        }
    ]
}