{
    "sessionId": "1cd3f845d8f0e8a3991050c5c7c49e2d",
    "status": 0,
    "value": [
        {
            "bottom": 904,
            "left": 1048.15625,
            "right": 1536.984375,
            "top": 856
        }
    ]
}