{
    "sessionId": "b16f5a4990ae67964310b11b2d062927",
    "status": 0,
    "value": [
        {
            "bottom": 634,
            "left": 1024.15625,
            "right": 1560.984375,
            "top": 529
        }
    ]
}