{
    "sessionId": "309b32a8939424e582817aaadf463afa",
    "status": 0,
    "value": [
        {
            "bottom": 1746,
            "left": 1016.15625,
            "right": 1568.984375,
            "top": 1021
        }
    ]
}