{
    "sessionId": "752d9f2efbedfe08e6acdf3afd7bf3bc",
    "status": 0,
    "value": [
        {
            "bottom": 974,
            "left": 1048.15625,
            "right": 1264.484375,
            "top": 924
        }
    ]
}