{
    "sessionId": "9a1a9ec854d340f269ceee57a18e8f06",
    "status": 0,
    "value": [
        {
            "bottom": 416,
            "left": 1040.15625,
            "right": 1544.984375,
            "top": 246
        }
    ]
}