{
    "sessionId": "493b16182100d1ac42211b936e40329e",
    "status": 0,
    "value": [
        {
            "bottom": 1732,
            "left": 1016.15625,
            "right": 1568.984375,
            "top": 1007
        }
    ]
}