{
    "sessionId": "867ebb4fb7925213ce3b4026df7deb4d",
    "status": 0,
    "value": [
        {
            "bottom": 634,
            "left": 1024.15625,
            "right": 1560.984375,
            "top": 529
        }
    ]
}