{
    "sessionId": "9a1a9ec854d340f269ceee57a18e8f06",
    "status": 0,
    "value": [
        {
            "bottom": 890,
            "left": 1048.15625,
            "right": 1536.984375,
            "top": 842
        }
    ]
}