{
    "sessionId": "fd54f1251e61171c1e4a445d97da8a3d",
    "status": 0,
    "value": [
        {
            "bottom": 739,
            "left": 1024.15625,
            "right": 1560.984375,
            "top": 634
        }
    ]
}