{
    "sessionId": "493b16182100d1ac42211b936e40329e",
    "status": 0,
    "value": [
        {
            "bottom": 739,
            "left": 1024.15625,
            "right": 1560.984375,
            "top": 634
        }
    ]
}