{
    "sessionId": "8b855c90528729e7f3798fef55dec8cf",
    "status": 0,
    "value": [
        {
            "bottom": 1732,
            "left": 1016.15625,
            "right": 1568.984375,
            "top": 1007
        }
    ]
}