{
    "sessionId": "b80a967b1e409223c867899a514178d1",
    "status": 0,
    "value": [
        {
            "bottom": 416,
            "left": 1040.15625,
            "right": 1544.984375,
            "top": 246
        }
    ]
}