{
    "sessionId": "752d9f2efbedfe08e6acdf3afd7bf3bc",
    "status": 0,
    "value": [
        {
            "bottom": 416,
            "left": 1040.15625,
            "right": 1544.984375,
            "top": 246
        }
    ]
}