{
    "sessionId": "8b855c90528729e7f3798fef55dec8cf",
    "status": 0,
    "value": [
        {
            "bottom": 958,
            "left": 1048.15625,
            "right": 1264.484375,
            "top": 908
        }
    ]
}